,Belgium,Bulgaria,Czech Republic,Denmark,Germany,Estonia,Ireland,Greece,Spain,France,Croatia,Italy,Cyprus,Latvia,Lithuania,Luxembourg,Hungary,Malta,Netherlands,Austria,Poland,Portugal,Romania,Slovenia,Slovakia,Finland,Sweden,United Kingdom,Iceland,Norway,Turkey,United States,Japan
1983M01,,,,229.794,,,,,29.623,88.414,,,,,,,,,147.14,,,,,,,,246.96,1537.655,,180.78,,1537.655,509.947
1983M02,,,,255.971,,,,,29.288,91.784,,,,,,,,,151.469,,,,,,,,296.133,1670.836,,197.563,,1670.836,517.701
1983M03,,,,289.808,,,,,30.973,94.658,,,,,,,,,174.572,,,,,,,,295.921,1604.026,,204.281,,1604.026,537.813
1983M04,,,,293.801,,,,,30.607,98.088,,,,,,,,,179.47,,,,,,,,341.292,1548.766,,248.685,,1548.766,548.556
1983M05,,,,292.507,,,,,32.318,99.296,,,,,,,,,173.838,,,,,,,,337.03,1624.286,,246.372,,1624.286,549.162
1983M06,,,,312.225,,,,,30.481,97.37,,,,,,,,,190.337,,,,,,,,315.705,1590.006,,252.904,,1590.006,565.972
1983M07,,,,311.263,,,,,29.449,96.303,,,,,,,,,187.714,,,,,,,,339.34,1657.494,,277.943,,1657.494,569.994
1983M08,,,,345.313,,,,,27.197,98.987,,,,,,,,,185.82,,,,,,,,341.871,1616.071,,277.59,,1616.071,562.323
1983M09,,,,375.418,,,,,28.055,103.789,,,,,,,,,190.708,,,,,,,,334.666,1609.883,,287.458,,1609.883,606.039
1983M10,,,,365.563,,,,,29.534,103.307,,,,,,,,,181.691,,,,,,,,325.047,1622.175,,270.59,,1622.175,602.409
1983M11,,,,361.946,,,,,29.199,107.334,,,,,,,,,186.199,,,,,,,,338.008,1588.681,,277.248,,1588.681,609.169
1983M12,,,,374.424,,,,,26.093,109.831,,,,,,,,,190.698,,,,,,,,321.373,1634.927,,285.142,,1634.927,655.431
1984M01,,,,365.232,,,,,28.333,115.651,,,,,,,,,212.87,,,,,,,,346.294,1654.12,,317.797,,1654.12,685.438
1984M02,,,,339.048,,,,,32.593,118.159,,,,,,,,,214.63,,,,,,,,349.36,1748.966,,332.058,,1748.966,682.715
1984M03,,,,319.132,,,,,33.459,119.841,,,,,,,,,216.844,,,,,,,,363.685,1790.099,,346.28,,1790.099,805.204
1984M04,,,,332.038,,,,,32.006,126.312,,,,,,,,,207.545,,,,,,,,335.948,1922.399,,365.952,,1922.399,786.951
1984M05,,,,290.343,,,,,32.477,121.505,,,,,,,,,196.879,,,,,,,,299.665,2077.919,,352.117,,2077.919,689.535
1984M06,,,,291.708,,,,,32.881,117.97,,,,,,,,,197.48,,,,,,,,306.664,2107.767,,296.025,,2107.767,692.092
1984M07,,,,285.738,,,,,34.272,105.177,,,,,,,,,177.733,,,,,,,,304.57,1910.667,,288.203,,1910.667,642.573
1984M08,,,,282.758,,,,,34.706,116.097,,,,,,,,,204.287,,,,,,,,299.132,2105.049,,320.623,,2105.049,697.01
1984M09,,,,247.045,,,,,35.802,114.758,,,,,,,,,211.281,,,,,,,,278.837,2090.893,,294.062,,2090.893,693.37
1984M10,,,,238.268,,,,,34.216,116.485,,,,,,,,,208.114,,,,,,,,270.811,2155.115,,299.742,,2155.115,726.904
1984M11,,,,238.284,,,,,34.127,113.753,,,,,,,,,202.09,,,,,,,,252.825,2274.205,,282.052,,2274.205,731.173
1984M12,,,,236.749,,,,,33.215,112.025,,,,,,,,,202.815,,,,,,,,247.219,2359.569,,278.352,,2359.569,758.51
1985M01,,,,255.809,,,,,39.092,118.241,,,,,,,,,219.356,,,,,,,,269.038,2582.194,,315.983,,2582.194,754.042
1985M02,,,,241.328,,,,,36.063,114.893,,,,,,,,,215.694,,,,,,,,249.601,2636.356,,293.215,,2636.356,778.087
1985M03,,,,259.397,,,,,38.752,128.946,,,,,,,,,231.171,,,,,,,,257.795,2620.984,,296.106,,2620.984,821.808
1985M04,,,,261.365,,,,,37.572,131.829,,,,,,,,,238.702,,,,,,,,261.375,2731.565,,318.936,,2731.565,793.077
1985M05,,,,272.016,,,,,37.611,142.721,,,,,,,,,232.661,,,,,,,,250.241,2730.35,,325.691,,2730.35,820.087
1985M06,,,,286.189,,,,,36.65,138.363,,,,,,,,,238.676,,,,,,,,246.65,2928.258,,308.465,,2928.258,856.433
1985M07,,,,329.534,,,,,39.736,141.178,,,,,,,,,259.611,,,,,,,,272.392,2467.86,,354.211,,2467.86,860.062
1985M08,,,,312.098,,,,,39.221,147.167,,,,,,,,,261.687,,,,,,,,267.172,2251.898,,354.978,,2251.898,880.046
1985M09,,,,323.797,,,,,39.749,145.344,,,,,,,,,263.273,,,,,,,,279.818,2576.739,,385.134,,2576.739,972.687
1985M10,,,,347.93,,,,,43.406,157.051,,,,,,,,,278.906,,,,,,,,303.446,2702.007,,445.243,,2702.007,1002.606
1985M11,,,,346.859,,,,,46.781,182.353,,,,,,,,,299.35,,,,,,,,351.96,2787.597,,468.647,,2787.597,1016.762
1985M12,,,,373.649,,,,,48.061,199.903,,,,,,,,,312.834,,,,,,,,380.222,2720.394,,457.438,,2720.394,1076.096
1986M01,,,,349.421,,,,,52.926,217.208,,,,,,,,,311.102,,,,,,,,384.76,2629.952,,445.272,,2629.952,1105.053
1986M02,,,,385.635,,,,,66.724,256.054,,,,,,,,,324.504,,,,,,,,430.423,2598.769,,455.039,,2598.769,1237.306
1986M03,,,,377.561,,,,,80.144,280.876,,,,,,,,,342.7,,,,,,,,479.136,2590.106,,430.202,,2590.106,1501.887
1986M04,,,,405.421,,,,,91.208,315.521,,,,,,,,,366.044,,,,,,,,533.656,2457.376,,424.369,,2457.376,1558.089
1986M05,,,,356.794,,,,,86.432,272.768,,,,,,,,,357.927,,,,,,,,540.746,2415.279,,405.236,,2415.279,1546.893
1986M06,,,,363.335,,,,,85.13,288.428,,,,,,,,,374.844,,,,,,,,569.659,2508.581,,442.07,,2508.581,1703.042
1986M07,,,,348.806,,,,,87.876,320.32,,,,,,,,,373.576,,,,,,,,593.237,2503.82,,398.507,,2503.82,1927.184
1986M08,,,,354.178,,,,,99.302,354.074,,,,,,,,,417.601,,,,,,,,607.087,2495.997,,451.888,,2495.997,2101.377
1986M09,,,,356.236,,,,,100.179,326.598,,,,,,,,,402.735,,,,,,,,596.738,2539.61,,441.892,,2539.61,2152.775
1986M10,,,,354.996,,,,,89.198,325.865,,,,,,,,,389.804,,,,,,,,623.478,2518.337,,440.947,,2518.337,1864.62
1986M11,,,,363.839,,,,,95.651,349.953,,,,,,,,,420.624,,,,,,,,615.355,2569.874,,450.641,,2569.874,1987.273
1986M12,376.01,,,372.201,,,,,102.259,351.796,,,,,,,,,424.954,,,,,,,,619.794,2285.786,,433.592,,2285.786,2132.274
1987M01,395.834,,,450.671,,,,,115.293,389.623,,,,,,,,,444.798,,,,,,,,562.984,2233.198,,468.088,,2233.198,2474.21
1987M02,410.861,,,414.154,,,,,117.336,397.482,,,,,,,,,443.771,,,,,,,,652.535,2411.897,,496.864,,2411.897,2517.547
1987M03,432.597,,,412.268,,,,,108.193,421.068,,,,,,,,,490.269,,,,,,,,687.225,2327.45,,540.935,,2327.45,2792.271
1987M04,460.149,,,415.981,,,,,107.09,423.381,,,,,,,,,492.078,,,,,,,,740.648,2453.48,,578.475,,2453.48,3230.463
1987M05,438.294,,,421.037,,,,,109.287,399.333,,,,,,,,,504.464,,,,,,,,698.329,2545.787,,575.036,,2545.787,3223.484
1987M06,458.567,,,422.792,,,,,117.501,374.105,,,,,,,,,540.892,,,,,,,,708.371,2551.939,,590.854,,2551.939,2983.666
1987M07,490.825,,,415.193,,,,,136.368,382.101,,,,,,,,,559.54,,,,,,,,754.13,2492.612,,658.788,,2492.612,2878.152
1987M08,508.663,,,441.913,,,,,152.077,401.379,,,,,,,,,559.331,,,,,,,,783.694,2353.427,,730.132,,2353.427,3235.741
1987M09,480.069,,,417.429,,,,,152.252,375.688,,,,,,,,,539.619,,,,,,,,808.644,2371.941,,742.498,,2371.941,3120.252
1987M10,387.879,,,385.384,,,,,120.507,305.977,,,,,,,,,443.753,,,,,,,,665.778,2469.376,,534.528,,2469.376,2884.973
1987M11,382.759,,,408.692,,,,,128.254,300.885,,,,,,,,,409.62,,,,,,,,592.402,2695.262,,443.554,,2695.262,2999.023
1987M12,392.115,,,414.423,362.621,,,100,135.698,299.027,,202.131,,,,,,,439.815,,,100,,,,,622.166,2638.189,,449.346,,2638.189,3036.609
1988M01,405.998,,,413.43,317.933,,,89.103,140.141,252.995,,185.919,,,,,,,431.209,,,105.818,,,,,682.076,2463.959,,442.131,,2463.959,3198.938
1988M02,506.485,,,430.309,367.944,,,94.743,141.452,305.612,,196.601,,,,,,,447.71,,,90.17,,,,,706.638,2215.944,,478.114,,2215.944,3439.3
1988M03,524.592,,,436.742,366.967,,,104,154.168,286.822,,204.174,,,,,,,463.918,,,95.109,,,,,755.045,2260.932,,540.465,,2260.932,3697.217
1988M04,526.57,,,436.894,360.254,,,106.351,153.586,311.044,,200.29,,,,,,,474.378,,,87.39,,,,,775.557,2229.926,,559.346,,2229.926,3734.416
1988M05,500.27,,,474.459,355.439,,,98.909,155.31,331.09,,178.757,,,,,,,446.562,,,81.504,,,,,795.109,2139.881,,529.96,,2139.881,3564.444
1988M06,505.691,,,473.4,355.586,,,91.906,154.65,334.293,,186.056,,,,,,,446.994,,,76.144,,,,,755.673,2119.243,,536.709,,2119.243,3428.896
1988M07,478.017,,,468.208,358.145,,,90.556,149.339,324.597,,191.319,,,,,,,458.774,,,72.504,,,,,773.115,2111.361,,532.847,,2111.361,3584.889
1988M08,474.151,,,444.542,355.004,,,88.341,141.795,313.57,,184.427,,,,,,,436.642,,,69.542,,,,,729.013,2013.916,,476.96,,2013.916,3312.921
1988M09,517.947,,,483.018,380.718,,,90.807,141.186,343.581,,196.184,,,,,,,444.469,,,67.18,,,,,771.917,2018.412,,498.941,,2018.412,3454.393
1988M10,561.582,,,550.968,420.278,,,98.875,152.305,382.247,,219.201,,,,,,,475.945,,,73.125,,,,,840.152,2062.363,,533.206,,2062.363,3741.395
1988M11,575.468,,,577.139,417.035,,,94.4,153.006,389.271,,222.455,,,,,,,473.323,,,76.448,,,,,863.896,2103.993,,571.412,,2103.993,4072.533
1988M12,582.289,,,622.419,428.932,,,93.743,149.553,405.233,,220.943,,,,,,,484.071,,,70.514,,,,,907.688,1987.217,,628.048,,1987.217,4094.576
1989M01,581.552,,,619.193,407.847,,,84.541,148.54,408.529,,214.615,,,,,,,490.375,,,69.13,,,,100,948.223,2044.598,,708.093,,2044.598,4105.418
1989M02,566.812,,,608.484,407.711,,,85.754,143.926,399.307,,209.835,,,,,,,488.354,,,73.013,,,,95.82,978.908,2170.341,,728.555,,2170.341,4183.473
1989M03,561.577,,,613.776,399.451,,,85.299,145.562,403.13,,212.495,,,,,,,503.192,,,71.632,,,,97.668,1003.262,2222.473,,779.714,,2222.473,4036.091
1989M04,577.477,,,655.676,418.78,,,89.054,151.94,418.667,,213.802,,,,,,,524.317,,,72.462,,,,106.611,1010.285,2302.691,,844.253,,2302.691,4028.268
1989M05,554.27,,,637.637,403.392,,,97.574,145.337,405.622,,203.36,,,,,,,498.244,,,66.607,,,,107.724,995.593,2211.045,,799.8,,2211.045,3798.918
1989M06,557.011,,,731.531,433.844,,,99.372,146.486,413.694,,223.61,,,,,,,516.687,,,66.092,,,,113.951,1051.352,1945.233,,803.292,,1945.233,3627.521
1989M07,583.742,,,793.167,477.344,,,114.735,153.305,459.128,,247.082,,,,,,,562.493,,,70.341,,,,112.615,1175.263,1942.627,,831.602,,1942.627,4107.445
1989M08,569.47,,,711.72,470.714,,,125.49,156.181,455.409,,252.312,,,,,,,554.341,,,76.747,,,,111.384,1159.769,1814.86,,830.965,,1814.86,3822.82
1989M09,617.102,,,728.949,490.641,,,194.903,162.842,481.183,,250.123,,,,,,,571.164,,,98.552,,,,104.593,1142.486,1876.451,,845.113,,1876.451,4065.197
1989M10,591.521,,,771.354,466.933,,,181.584,154.902,458.535,,229.956,,,,,,,553.578,,,96.064,,,,99.812,1065.78,1923.39,,744.859,,1923.39,3957.427
1989M11,631.977,,,832.08,514.154,,,169.533,153.896,486.671,,241.181,,,,,,,582.628,,,98.525,,,,108.294,1055.664,1873.637,,805.338,,1873.637,4158.059
1989M12,662.221,,,885.394,617.222,,,172.458,159.208,543.905,,259.271,,,,,,,635.997,,,97.894,,,,117.241,1179.771,1809.626,,902.829,,1809.626,4149.238
1990M01,635.218,,,909.741,634.843,,,205.63,149.458,515.6,,257.84,,,,,,,610.302,,,92.881,,,,111.873,1173.144,1713.802,,995.058,,1713.802,3898.431
1990M02,575.267,,,908.353,621.172,,,216.195,144.9,501.813,,245.434,,,,,,,590.183,,,90.79,,,,109.856,1117.706,1698.027,,1066.614,,1698.027,3494.191
1990M03,624.997,,,951.938,680.247,,,226.78,132.194,533.778,,254.62,,,,,,,614.717,,,87.587,,,,113.029,1072.834,1876.647,,1076.647,,1876.647,2815.501
1990M04,618.456,,,889.195,632.643,,,336.261,145.958,564.596,,260.758,,,,,,,593.827,,,90.698,,,,118.917,1099.37,1989.408,,1008.447,,1989.408,2849.917
1990M05,631.609,,,938.618,639.34,,,344.939,152.86,575.19,,276.813,,,,,,,616.423,,,90.267,,,,124.52,1241.57,1986.761,,1102.782,,1986.761,3256.627
1990M06,633.781,,,947.096,665.999,,,506.957,164.077,565.834,,281.711,,,,,,,622.044,,,92.273,,,,116.403,1308.475,2065.026,,1069.693,,2065.026,3103.417
1990M07,666.686,,,1018.814,713.503,,,503.672,170.709,570.14,,283.651,,,,,,,652.516,,,93.026,,,,113.126,1365.337,2046.175,,1191.833,,2046.175,3060.31
1990M08,602.827,,,946.678,606.569,,,454.741,149.561,496.612,,242.421,,,,,,,600.525,,,84.62,,,,117.606,1183.103,2134.424,,1121.446,,2134.424,2761.277
1990M09,542.588,,,863.304,498.514,,,396.439,121.377,443.382,,213.083,,,,,,,569.533,,,73.282,,,,108.26,927.473,2181.821,,1018.336,,2181.821,2308.078
1990M10,585.308,,,940.727,562.012,,,344.605,138.354,491.359,,222.341,,,,,,,592.164,,,74.099,,,,101.614,970.77,2298.194,,974.137,,2298.194,2866.254
1990M11,567.108,,,897.585,572.306,,,309.274,135.249,485.384,,199.439,,,,,,,595.696,,,67.107,,,,97.747,893.67,2480.382,,968.703,,2480.382,2520.476
1990M12,567.909,,,867.461,550.724,,,321.88,132.021,461.025,,205.247,,,,,,,593.792,,,66.832,,,,90.663,915.319,2545.178,,895.819,,2545.178,2637.604
1991M01,573.827,,,891.221,564.67,,,308.369,140.689,478.078,,199.277,,,,,,,590.076,,,69.524,,,,99.323,1057.361,2553.314,,842.961,,2553.314,2711.213
1991M02,634.34,,,980.593,603.335,,,423.582,157.888,522.833,,228.604,,,,,,,633.048,,,80.993,,,,105.886,1138.292,2489.667,,918.234,,2489.667,3051.751
1991M03,589.716,,,891.436,521.643,,,358.514,154.19,483.892,,206.585,,,,,,,604.128,,,72.471,,,,102.753,1092.294,2503.792,,860.004,,2503.792,2860.693
1991M04,569.936,,,860.068,538.949,,,325.307,146.353,469.938,,201.171,,,,,,,616.711,,,68.899,,,,95.154,1025.066,2522.436,,804.312,,2522.436,2930.591
1991M05,566.731,,,892.866,572.948,,,283.264,153.371,487.113,,212.247,,,,,,,623.764,,,65.213,,,,87.485,1103.926,2523.087,,880.48,,2523.087,2915.751
1991M06,533.264,,,883.48,518.72,,,246.391,138.33,439.813,,193.028,,,,,,,583.951,,,60.986,,,,88.515,1067.947,2437.003,,787.93,,2437.003,2704.529
1991M07,543.101,,,944.669,535.265,,,249.972,139.518,458.021,,194.499,,,,,,,618.146,,,63.996,,,,86.789,1110.956,2407.833,,833.618,,2407.833,2786.749
1991M08,540.398,,,944.144,541.301,,,266.345,143.606,485.6,,188.351,,,,,,,612.946,,,63.867,,,,90.566,1094.703,2467.522,,861.024,,2467.522,2631.421
1991M09,546.941,,,975.013,552.257,,,226.907,151.947,513.736,,188.282,,,,,,,625.13,,,63.779,,,,83.759,1060.632,2513.807,,840.727,,2513.807,2859.786
1991M10,555.581,,,965.484,538.701,,,233.218,147.25,504.925,,180.178,,,,,,,630.494,,,59.771,,,,67.802,1033.208,2698.632,,776.426,,2698.632,2981.87
1991M11,560.171,,,945.269,546.426,,,236.225,138.454,491.303,,189.046,,,,,,,631.634,,,56.941,,,,67.429,978.343,2821.811,,654.534,,2821.811,2769.799
1991M12,620.945,,,1000.427,585.448,,,245.684,147.325,533.766,,196.832,,,,,,,676.521,,,62.001,,,,70.196,1025.97,2734.526,,745.815,,2734.526,2855.852
1992M01,618.205,,,986.742,588.568,,,272.769,146.186,534.627,,201.576,,,,,,,673.397,,,57.233,,,,66.268,1023.656,2889.153,,760.13,,2889.153,2721.988
1992M02,616.042,,,928.88,602.379,,,260.683,151.216,555.404,,198.367,,,,,,,673.497,,,57.097,,,,65.295,995.598,2804.576,,686.429,,2804.576,2493.208
1992M03,602.648,,,857.549,588.351,,,241.878,143.83,548.118,,186.616,,,,,,,661.391,,,59.9,,,,71.803,1039.153,2776.202,,730.138,,2776.202,2221.474
1992M04,609.051,,,857.44,584.828,,,242.38,140.319,575.711,,188.51,,,,,,,689.619,,,61.772,,,,77.472,1027.927,2770.03,,768.732,,2770.03,2083.283
1992M05,624.374,,,962.793,621.029,,,213.67,153.817,599.287,,191.754,,,,,,,717.144,,,63.682,,,,73.122,1090.023,2750.98,,813.415,,2750.98,2248.437
1992M06,632.226,,,913.083,630.969,,,236.281,143.673,589.917,,185.095,,,,,,,721.605,,,65.411,,,,71.029,1050.913,2899.465,,751.721,,2899.465,2041.332
1992M07,647.315,,,908.471,595.509,,,225.844,132.311,564.372,,169.747,,,,,,,720.937,,,65.045,,,,61.853,1020.832,2923.588,,729.47,,2923.588,2016.462
1992M08,625.778,,,841.432,594.125,,,221.335,127.499,568.686,,170.8,,,,,,,738.015,,,65.542,,,,66.687,957.319,3021.009,,641.271,,3021.009,2372.134
1992M09,647.964,,,793.06,570.066,,,188.874,111.247,585.75,,138.505,,,,,,,751.982,,,61.398,,,,63.413,848.914,3065.722,,615.187,,3065.722,2313.663
1992M10,609.617,,,719.55,529.545,,,157.496,104.279,536.351,,162.236,,,,,,,677.714,,,52.817,,,,58.258,770.877,3172.452,,579.905,,3172.452,2204.66
1992M11,596.64,,,714.578,525.365,,,159.883,110.353,526.522,,152.391,,,,,,,664.143,,,50.699,,,,57.14,877.697,3241.093,,579.426,,3241.093,2260.096
1992M12,587.954,,,708.466,516.11,,,161.589,110.685,539.272,,149.568,,,,,,,669.844,,,50.064,,,,53.974,857.603,3437.037,,570.971,,3437.037,2225.159
1993M01,617.275,,,802.09,532.149,,,177.993,119.857,524.602,,163.014,,,,,,,682.876,,,53.173,,,,53.059,817.099,3391.436,,593.843,,3391.436,2216.377
1993M02,617.127,,,765.355,558.754,,,192.399,118.482,569.385,,164.348,,,,,,,702.687,,,55.983,,,,58.22,846.241,3459.724,,590.091,,3459.724,2310.717
1993M03,668.884,,,774.495,573.769,,,182.065,125.513,594.708,,150.536,,,,,,,745.62,,,56.193,,,,57.122,853.968,3651.787,,656.18,,3651.787,2634.121
1993M04,649.004,,,812.929,565.061,,,178.036,125.885,585.341,,182.761,,,,,,,740.44,,,54.852,,,,51.715,937.265,3530.34,,688.117,,3530.34,3100.612
1993M05,637.17,,,829.619,562.746,,,181.667,122.995,569.359,,187.411,,,,,,,753.668,,,60.564,,,,51.78,1034.763,3524.21,,678.986,,3524.21,3184.27
1993M06,640.987,,,839.685,543.403,,,178.683,122.164,560.096,,182.896,,,,,,,745.948,,,57.434,,,,54.475,962.17,3632.831,,649.788,,3632.831,3138.352
1993M07,624.962,,,808.177,560.67,,,196.859,114.296,566.239,,185.613,,,,,,,745.04,,,55.86,,,,51.343,987.614,3730.065,,675.402,,3730.065,3335.344
1993M08,627.553,,,844.095,622.416,,,204.203,138.744,614.711,,208.186,,,,,,,818.564,,,67.85,,,,47.474,1078.902,3782.576,,739.102,,3782.576,3406.32
1993M09,632.396,,,873.258,632.11,,,193.347,134.577,608.464,,195.345,,,,,,,820.064,,,63.615,,,,40.859,1094.858,3883.706,,724.219,,3883.706,3242.651
1993M10,655.022,,,908.648,668.979,,,196.644,142.566,612.986,,188.152,,,,,,,866.605,,,67.136,,,,37.86,1196.814,4007.828,,805.625,,4007.828,3226.184
1993M11,663.517,,,880.672,652.401,,,198.93,128.988,593.13,,168.234,,,,,,,838.121,,,64.602,,,,44.214,1053.245,4079.333,,747.169,,4079.333,2689.095
1993M12,702.124,,,932.935,689.588,,,220.421,139.133,641.694,,189.397,,,,,,,880.968,,,64.815,,,,48.019,1162.581,4155.652,,801.068,,4155.652,2772.776
1994M01,731.665,,,1012.906,668.732,,,240.585,155.957,665.977,,207.591,,,,,,,919.707,,,73.069,,,,45.425,1361.992,4074.356,,905.25,,4074.356,3218.808
1994M02,726.255,,,1015.966,655.465,,,247.213,148.221,652.585,,205.741,,,,,,,900.309,,,74.376,,,,44.747,1296.825,4164.768,,932.292,,4164.768,3364.274
1994M03,714.432,,,1001.124,677.438,,,230.846,141.173,622.079,,238.805,,,,,,,868.708,,,75.594,,,,45.883,1215.534,4429.407,,862.906,,4429.407,3218.656
1994M04,752.575,,,1017.661,717.322,,,231.21,144.244,648.823,,263.366,,,,,,,915.357,,,71.829,,,,49.997,1314.041,4367.234,,865.846,,4367.234,3354.156
1994M05,734.622,,,939.509,675.157,,,205.278,143.764,617.501,,242.7,,,,,,,884.89,,,64.875,,,,62.218,1294.951,4257.374,,875.882,,4257.374,3425.994
1994M06,721.67,,,981.204,676.395,,,204.881,135.486,592.803,,226.546,,,,,,,874.836,,,61.546,,,,64.247,1226.394,4187.095,,834.079,,4187.095,3593.277
1994M07,753.515,,,1028.827,708.932,,,204.495,143.273,650.546,,238.441,,,,,,,926.291,,,65.348,,,,60.71,1306.973,4164.418,,936.488,,4164.418,3462.576
1994M08,762.102,,,955.63,734.206,,,206.226,141.333,653.126,,233.468,,,,,,,957.287,,,69.981,,,,65.273,1299.715,4320.66,,936.521,,4320.66,3484.501
1994M09,718.081,,,957.078,689.866,,,209.043,136.901,608.079,,233.352,,,,,,,928.511,,,69.608,,,,72.42,1302.779,4403.679,,878.697,,4403.679,3396.813
1994M10,743.012,,,974.795,727.553,,,207.57,140.566,628.891,,220.818,,,,,,,988.698,,,72.297,,,,72.652,1426.172,4409.469,,927.409,,4409.469,3488.241
1994M11,728.297,,,933.932,688.557,,,208.563,137.811,621.327,,205.336,,,,,,,936.323,,,70.961,,,,82.528,1386.073,4237.343,,910.598,,4237.343,3311.031
1994M12,736.458,,,957.656,712.565,,,216.166,128.854,599.187,,209.061,,,,,,,959.304,,,70.126,,,,78.091,1363.341,3999.428,,977.989,,3999.428,3347.371
1995M01,730.74,,,969.975,698.267,,,204.544,127.371,584.317,,223.02,,,,,,,968.545,,,63.87,,,,82.352,1369.935,4080.326,,985.886,,4080.326,3150.473
1995M02,750.714,,,997.523,756.635,,,210.813,130.182,593.219,,202.762,,,,,,,993.67,,,68.219,,,,101.511,1391.86,4126.188,,948.72,,4126.188,2996.602
1995M03,794.612,,,990.977,738.362,,,223.834,127.158,670.404,,190.99,,,,,,,1041.393,,,72.674,,,,99.905,1367.907,4101.077,,933.816,,4101.077,3270.419
1995M04,843.854,,,1037.685,768.712,,,224.784,137.332,676.212,,210.38,,,,,,,1074,,,72.254,,,,96.322,1490.522,4077.656,,1010.699,,4077.656,3428.045
1995M05,839.235,,,1080.953,774.182,,,240.38,143.45,682.803,,210.909,,,,,,,1085.081,,,72.281,,,,103.561,1510.602,3857.739,,993.687,,3857.739,3213.473
1995M06,838.316,,,1062.584,795.122,,,245.539,145.208,670.346,,204.483,,,,,,,1093.863,,,71.994,,,,97.45,1575.973,3837.185,,1040.335,,3837.185,3057.961
1995M07,863.513,,,1136.12,841.247,,,261.539,155.474,699.931,,220.287,,,,,,,1153.396,,,72.801,,,,96.272,1683.702,3725.309,,1086.014,,3725.309,3299.458
1995M08,812.851,,,1075.419,794.877,,,247.844,149.917,654.425,,214.833,,,,,,,1081.85,,,66.821,,,,107.689,1636.99,3345.68,,1022.09,,3345.68,3165.121
1995M09,839.931,,,1091.775,804.901,,,254.393,149.812,641.113,,212.502,,,,,,,1131.632,,,69.521,,,,117.857,1861.206,2935.272,,1057.502,,2935.272,3190.285
1995M10,839.701,,,1093.254,794.144,,,243.851,144.759,649.986,,202.126,,,,,,,1112.478,,,69.202,,,,119.951,1779.864,2668.465,,1004.956,,2668.465,3010.224
1995M11,851.572,,,1097.606,794.759,,,226.976,155.437,645.84,,190.614,,,,,,,1145.231,,,66.364,,,,134.69,1838.829,2899.637,,998.245,,2899.637,3186.762
1995M12,896.954,,,1123.574,818.115,,,238.225,162.3,672.149,,208.623,,,,,,,1192.358,,,68.372,,,,121.269,1795.653,2547.192,,1022.629,,2547.192,3348.075
1996M01,914.494,,,1159.549,852.495,,,252.49,163.287,698.528,,217.844,,,,,,,1197.053,,,74.296,,,,124.594,1750.253,2258.439,,1002.554,,2258.439,3302.525
1996M02,902.29,,,1174.15,859.098,,,263.043,173.79,705.743,,215.472,,,,,,,1220.723,,,76.649,,,,123.205,1919.029,2430.369,,1033.33,,2430.369,3242.147
1996M03,878.429,,,1143.723,854.787,,,263.223,170.894,725.832,,206.724,,,,,,,1254.118,,,77.655,,,,123.838,1961.223,2584.509,,1051.305,,2584.509,3355
1996M04,898.777,,,1134.745,822.666,,,242.914,177.103,738.034,,234.666,,,,,,,1257.107,,,75.064,,,,120.095,1937.426,2826.462,,1113.099,,2826.462,3544.155
1996M05,910.912,,,1137.014,833.492,,,247.135,175.347,728.919,,233.036,,,,,,,1312.769,,,78.713,,,,135.277,2021.118,2799.496,,1124.624,,2799.496,3360.214
1996M06,912.796,,,1165.676,849.525,,,243.032,182.328,741.087,,233.607,,,,,,,1313.216,,,82.644,,,,140.497,2045.665,3110.651,,1125.56,,3110.651,3376.471
1996M07,920.666,,,1182.612,850.947,,,243.29,173.595,719.458,,215.995,,,,,,,1289.722,,,83.52,,,,160.776,1959.141,3313.179,,1071.75,,3313.179,3223.71
1996M08,926.937,,,1224.766,869.569,,,258.206,176.91,703.643,,213.977,,,,,,,1308.762,,,86.436,,,,178.024,2087.534,3433.168,,1098.917,,3433.168,3078.094
1996M09,936.419,,,1219.911,874.279,,,255.002,180.872,741.488,,227.36,,,,,,,1339.434,,,84.051,,,,174.768,2171.637,3449.414,,1103.795,,3449.414,3183.24
1996M10,947.886,,,1259.014,881.303,,,249.847,186.134,756.224,,214.468,,,,,,,1370.308,,,85.483,,,,182.304,2263.818,3507.025,,1143.559,,3507.025,2968.193
1996M11,973.812,,,1288.728,915.282,,,239.065,201.436,795.383,,231.088,,,,,,,1453.285,,,86.67,,,,155.836,2413.528,3564.45,,1225.291,,3564.45,3023.328
1996M12,975.531,,,1348.65,917.178,,,241.594,221.466,802.271,,231.253,,,,,,,1484.941,,,90.46,,,,152.82,2430.94,3445.364,,1296.384,,3445.364,2812.892
1997M01,996.897,,,1402.76,912.325,,,290.161,217.376,819.417,,255.47,,,,,,,1470.586,,,99.297,,,,128.807,2485.12,3510.232,,1362.895,,3510.232,2505.34
1997M02,1010.107,,,1392.819,949.131,,,308.478,209.31,822.718,,228.099,,,,,,,1527.811,,,100.243,,,,127.16,2472.237,3680.553,,1298.445,,3680.553,2562.466
1997M03,1022.638,,,1434.785,1017.866,,,320.116,217.39,847.203,,233.472,,,,,,,1562,,,103.284,,,,124.322,2586.095,3466.392,,1335.59,,3466.392,2476.684
1997M04,1030.8,,,1390.174,980.252,,,327.255,229.673,811.818,,236.442,,,,,,,1543.557,,,103.308,,,,124.516,2367.238,3083.17,,1273.328,,3083.17,2565.181
1997M05,1053.686,,,1493.686,1020.774,,,369.801,247.01,804.203,,233.468,,,,,,,1639.319,,,110.286,,,,124.275,2549.683,3214.627,,1324.2,,3214.627,2847.001
1997M06,1073.447,,,1523.25,1064.779,,,340.763,264.68,870.184,,255.263,,,,,,,1765.451,,,118.109,,,,137.167,2768.938,3369.256,,1358.851,,3369.256,3058.294
1997M07,1086.749,,,1620.203,1167.917,,,343.201,249.538,884.388,,269.676,,,,,,,1907.399,,,118.843,,,,130.814,2895.737,3453.248,,1376.799,,3453.248,2963.691
1997M08,1003.671,,,1538.653,1051.336,,,330.828,244.045,816.451,,262.296,,,,,,,1716.915,,,111.203,,,,132.211,2736.077,3641.678,,1381.389,,3641.678,2705.247
1997M09,1059.894,,,1714.672,1131.246,,,388.549,278.685,901.997,,299.97,,,,,,,1865.112,,,126.039,,,,146.721,3060.328,3724.716,,1530.86,,3724.716,2662.946
1997M10,1051.013,,,1637.943,1051.135,,,333.106,251.531,840.756,,281.496,,,,,,,1781.437,,,121.769,,,,148.061,2750.587,3590.339,,1482.745,,3590.339,2413.481
1997M11,1059.424,,,1654.977,1086.534,,,324.608,266.16,857.696,,288.148,,,,,,,1763.854,,,127.542,,,,151.434,2812.01,3915.205,,1379.93,,3915.205,2264.014
1997M12,1081.156,,,1794.115,1130.582,,,320.463,272.582,887.077,,308.985,,,,,,,1805.389,,,130.153,,,,163.908,2713.367,3902.59,,1358.218,,3902.59,2133.16
1998M01,1119.611,,,1798.691,1163.626,,,296.535,294.047,917.847,,336.854,,,,,,,1819.897,,,143.406,,,,169.661,2780.631,4026.361,,1251.066,,4026.361,2322.145
1998M02,1171.258,,,1840.752,1236.71,,,305.956,331.36,994.088,,350.746,,,,,,,2003.163,,,158.915,,,,180.833,3039.505,3942.64,,1280.803,,3942.64,2332.898
1998M03,1267.757,,,2056.977,1318.826,,,394.132,375.07,1103.879,,419.337,,,,,,,2063.905,,,172.049,,,,178.022,3249.911,4268.083,,1386.338,,4268.083,2172.912
1998M04,1352.362,,,1968.573,1366.502,,,497.506,385.914,1138.769,,410.434,,,,,,,2131.854,,,185.151,,,,178.875,3407.12,4337.752,,1460.113,,4337.752,2162.822
1998M05,1432.128,,,2021.911,1475.094,,,501.736,388.488,1196.896,,431.331,,,,,,,2240.993,,,180.978,,,,178.914,3507.659,4147.695,,1341.847,,4147.695,2042.725
1998M06,1534.76,,,1975.75,1535.809,,,459.474,389.592,1223.863,,409.55,,,,,,,2199.912,,,167.33,,,,185.56,3482.593,4136.334,,1294.142,,4136.334,2070.187
1998M07,1608.764,,,2033.081,1571.326,,,547.802,411.357,1235.261,,450.219,,,,,,,2210.207,,,180.946,,,,198.06,3463.455,3861.235,,1312.414,,3861.235,2041.75
1998M08,1487.357,,,1803.084,1312.086,,,423.969,321.9,1092.671,,386.081,,,,,,,1935.443,,,156.011,,,,219.381,2930.668,3420.183,,946.296,,3420.183,1807.716
1998M09,1455.641,,,1721.081,1293.779,,,437.398,315.061,1019.962,,368,,,,,,,1819.308,,,141.796,,,,200.357,2672.236,3708.148,,907.241,,3708.148,1757.115
1998M10,1555.124,,,1850.341,1346.637,,,445.568,365.526,1124.189,,391.517,,,,,,,1919.41,,,164.931,,,,237.401,2839.743,3500.545,,1058.061,,3500.545,2050.345
1998M11,1603.324,,,1759.824,1415.128,,,510.725,390.797,1193.715,,431.525,,,,,,,2016.732,,,159.279,,,,219.652,3106.423,3560.572,,984.564,,3560.572,2142.743
1998M12,1782.172,,,1934.404,1449.011,,,560.854,403.068,1241.949,,466.527,,,,,,,2186.923,,,163.242,,,,209.153,3055.784,3651.096,,934.273,,3651.096,2224.191
1999M01,1723.448,,,1864.339,1471.828,,,642.695,395.852,1276.939,,441.743,,,,,,,2019.858,,,169.486,,,,196.761,3233.108,3821.892,,1029.513,,3821.892,2238.893
1999M02,1643.503,,,1702.041,1348.995,,,634.338,387.92,1192.22,,434.868,,,,,,,2003.211,,,157.763,,,,212.655,3151.807,3883.012,,933.927,,3883.012,2188.367
1999M03,1547.713,,,1671.148,1311.052,,,612.402,373.192,1213.218,,451.253,,,,,,,2021.166,,,146.858,,,,252.469,3210.598,3781.448,,1024.152,,3781.448,2490.506
1999M04,1495.455,,,1790.737,1394.822,,,645.604,374.551,1243.938,,437.26,,,,,,,2147.365,,,137.489,,,,262.993,3389.02,3375.353,,1104.535,,3375.353,2593.096
1999M05,1410.143,,,1739.125,1308.676,,,670.412,372.822,1213.93,,413.343,,,,,,,2021.859,,,140.178,,,,310.869,3313.174,3587.976,,1041.603,,3587.976,2445.673
1999M06,1424.571,,,1756.844,1380.079,,,661.718,374.268,1249.414,,403.424,,,,,,,2025.168,,,132.392,,,,305.778,3628.641,3666.684,,1022.142,,3666.684,2675.885
1999M07,1437.573,,,1878.246,1356.625,,,715.085,357.469,1255.013,,389.98,,,,,,,2087.675,,,135.27,,,,323.869,3771.201,3749.817,,1064.701,,3749.817,2941.694
1999M08,1507.999,,,1882.317,1378.783,,,826.825,365.951,1299.545,,398.148,,,,,,,2133.487,,,131.304,,,,360.39,3750.412,3865.833,,1105.942,,3865.833,2919.729
1999M09,1460.082,,,1937.835,1358.859,,,881.397,360.303,1311.846,,405.798,,,,,,,2053.359,,,128.862,,,,289.731,3722.737,3967.372,,1128.423,,3967.372,3095.502
1999M10,1451.45,,,1961.294,1431.064,,,835.306,364.066,1383.087,,392.846,,,,,,,2121.376,,,131.094,,,,305.11,4146.432,4123.65,,1072.025,,4123.65,3226.799
1999M11,1406.678,,,2026.89,1469.504,,,845.478,395.016,1427.719,,401.759,,,,,,,2105.34,,,132.11,,,,341.826,4587.956,4176.654,,1097.295,,4176.654,3363.731
1999M12,1501.102,,,2144.324,1719.939,,,827.702,417.281,1589.672,,459.617,,,,,,,2301.723,,,145.516,,,,365.225,5432.062,4537.137,,1210.028,,4537.137,3571.063
2000M01,1218.663,,,2027.449,1658.923,,,739.344,384.478,1483.54,,435.602,,,,,,,2024.53,,,143.719,,,,431.102,5468.388,4557.548,,1111.871,,4557.548,3415.036
2000M02,1164.289,,,2100.035,1830.852,,,757.791,422.502,1615.592,,488.467,,,,,,,2151.335,,,160.037,,,,475.39,6715.857,4610.114,,1111.726,,4610.114,3325.178
2000M03,1164.507,,,2292.249,1800.05,,,712.127,421.338,1632.288,,457.234,,,,,,,2211.868,,,147.639,,,,448.066,6382.733,4749.582,,1119.03,,4749.582,3597.971
2000M04,1129.699,,,2081.764,1642.923,,,597.034,390.554,1577.623,,426.813,,,,,,,2135.658,,,134.615,,,,507.511,6313.566,4622.728,,1051.495,,4622.728,3326.075
2000M05,1170.068,,,2221.223,1590.476,,,659.842,378.543,1619.082,,444.928,,,,,,,2190.691,,,133.627,,,,503.621,6030.939,4533.92,,1093.311,,4533.92,3155.432
2000M06,1246.632,,,2216.831,1584.314,,,606.376,388.632,1679.325,,474.546,,,,,,,2309.671,,,141.212,,,,476.251,5929.517,4708.505,,1182.228,,4708.505,3370.974
2000M07,1258.95,,,2261.926,1576.875,,,579.937,378.069,1651.064,,454.056,,,,,,,2206.794,,,137.943,,,,551.779,5715.627,4645.577,,1168.39,,4645.577,2981.432
2000M08,1235.643,,,2391.873,1502.949,,,487.451,370.293,1609.819,,447.569,,,,,,,2200.75,,,132.858,,,,560.505,5642.796,4960.587,,1237.002,,4960.587,3173.085
2000M09,1183.426,,,2345,1422.997,,,556.234,373.656,1506.325,,420.992,,,,,,,2113.365,,,130.701,,,,540.556,4902.427,5087.529,,1210.108,,5087.529,3014.063
2000M10,1164.244,,,2236.378,1431.972,,,490.611,345.871,1469.419,,430.448,,,,,,,2093.701,,,117.865,,,,571.956,4568.887,5118.071,,1176.329,,5118.071,2837.895
2000M11,1122.526,,,2124.418,1325.327,,,425.93,320.431,1400.215,,438.263,,,,,,,2073.88,,,118.477,,,,685.121,4116.251,5171.817,,1132.298,,5171.817,2718.62
2000M12,1221.933,,,2201.304,1436.415,,,475.768,347.071,1509.449,,447.217,,,,,,,2177.158,,,127.809,,,,828.572,4240.383,1146.254,,1180.944,,1146.254,2551.957
2001M01,1190.017,,,2459.558,1490.011,,,455.878,378.55,1512.388,,455.026,,,,,,,2162.45,,,135.843,,,,1080.803,4570.124,1127.011,,1201.822,,1127.011,2521.463
2001M02,1191.418,,,2237.126,1367.086,,,432.734,357.104,1342.933,,409.325,,,,,,,2021.964,,,127.533,,,,1081.241,3826.39,1048.937,,1182.066,,1048.937,2407.82
2001M03,1084.094,,,2012.12,1223.456,,,408.26,337.201,1249.438,,383.546,,,,,,,1837.784,,,115.917,,,,1173.461,2966.406,996.825,,1088.581,,996.825,2328.85
2001M04,1069.842,,,2049.817,1303.007,,,442.833,353.047,1361.752,,402.683,,,,,,,1961.812,,,115.638,,,,1205.007,3374.646,1057.953,,1163.406,,1057.953,2486.618
2001M05,1004.977,,,2046.028,1212.661,,,390.437,329.193,1265.636,,365.836,,,,,,,1870.314,,,103.476,,,,1239.75,3187.144,1020.717,,1140.37,,1020.717,2480.587
2001M06,1029.227,,,2010.603,1203.107,,,341.111,305.612,1213.466,,347.554,,,,,,,1826.036,,,96.275,,,,1126.394,3009.945,984.624,,1100.618,,984.624,2332.522
2001M07,1096.929,,,2079.602,1207.589,,,341.596,302.341,1218.918,,354.988,,,,,,,1810.27,,,99.836,,,,1103.889,3036.441,985.172,,1090.03,,985.172,2158.673
2001M08,1118.792,,,1965.769,1121.527,,,361.301,307.567,1177.243,,351.347,,,,,,,1789.965,,,96.411,,,,966.57,2864.912,971.065,,1074.232,,971.065,2104.579
2001M09,1011.88,,,1792.395,939.331,,,290.642,272.533,1039.639,,302.942,,,,,,,1550.601,,,96.106,,,,941.451,2402.671,905.378,,914.388,,905.378,1902.156
2001M10,977.842,,,1828.332,980.639,,,320.143,284.184,1091.763,,312.605,,,,,,,1555.42,,,99.467,,,,858.832,2585.647,921.979,,926.925,,921.979,1898.393
2001M11,1009.452,,,1848.425,1066.718,,,339.182,303.148,1123.946,,318.32,,,,,,,1623.701,,,98.528,,,,853.857,2964.097,940.168,,971.5,,940.168,1919.07
2001M12,1062.763,,,1850.357,1099.299,,,326.586,302.699,1159.603,,322.441,,,,,,,1664.954,,,98.406,,,,864.53,3046.858,962.025,,1018.034,,962.025,1789.256
2002M01,1005.353,,,1751.925,1047.983,,,314.189,278.344,1085.81,,310.996,,,,,,,1600.03,,,92.004,,,,921.843,2756.638,920.997,,979.134,,920.997,1649.087
2002M02,994.532,,,1793.961,1034.158,,,282.338,282.296,1095.064,,310.279,,,,,,,1604.39,,,90.076,,,,764.836,2815.417,912.691,,1016.084,,912.691,1717.249
2002M03,1018.058,,,1847.739,1116.153,,,276.522,288.111,1153.03,,330.014,,,,,,,1743.965,,,94.58,,,,521.839,2923.033,949.98,,1101.105,,949.98,1809.048
2002M04,1061.055,,,1773.165,1079.795,,,272.494,295.289,1133.797,,330.965,,,,,,,1727.097,,,94.433,,,,527.718,2600.448,951.542,,1100.242,,951.542,1914.345
2002M05,1069.789,,,1813.304,1061.474,,,295.559,296.601,1129.309,,320.512,,,,,,,1725.415,,,95.139,,,,698.541,2562.35,933.78,,1114.376,,933.78,2033.599
2002M06,1044.249,,,1835.274,1028.173,,,300.108,269.278,1093.488,,318.843,,,,,,,1672.26,,,93.367,,,,619.399,2495.962,892.719,,1082.571,,892.719,1927.331
2002M07,901.92,,,1601.185,858.086,,,275.563,239.591,945.478,,286.554,,,,,,,1374.91,,,81.896,,,,501.088,2130.914,831.275,,973.286,,831.275,1793.403
2002M08,907.937,,,1652.653,861.807,,,276.676,249.835,930.474,,290.561,,,,,,,1387.173,,,81.909,,,,489.762,2119.566,817.629,,955.382,,817.629,1774.163
2002M09,757.212,,,1429.887,651.945,,,238.872,209.397,787.776,,250.51,,,,,,,1140.042,,,66.054,,,,379.507,1761.046,731.57,,832.271,,731.57,1689.933
2002M10,822.042,,,1469.083,743.092,,,229.181,239.918,890.135,,271.285,,,,,,,1287.387,,,73.236,,,,376.973,2044.85,787.769,,874,,787.769,1572.134
2002M11,856.223,,,1528.731,785.197,,,235.274,263.775,927.747,,296.533,,,,,,,1363.206,,,82.642,,,,472.464,2339.518,809.494,,947.85,,809.494,1634.943
2002M12,880.451,,,1535.183,724.932,,,234.557,251.605,902.081,,290.187,,,,,,,1289.881,,,83.173,,,,519.602,2088.07,791.076,,926.22,,791.076,1593.175
2003M01,831.627,,,1467.815,705.34,,,232.589,253.167,871.914,,285.791,,,,,,,1209.037,,,81.826,,,,561.67,2059.346,734.775,,873.645,,734.775,1528.493
2003M02,736.428,,,1401.495,656.194,,,221.276,256.214,829.185,,294.672,,,,,,,1119.74,,,75.397,,,,514.194,2046.653,719.016,,787.268,,719.016,1537.133
2003M03,728.314,,,1509.993,631.364,,,199.168,254.117,798.361,,271.429,,,,,,,1085.432,,,77.758,,,,489.013,1995.93,712.969,,791.744,,712.969,1460.743
2003M04,856.056,,,1693.521,772.719,,,240.055,289.492,920.522,,308.01,,,,,,,1209.857,,,81.979,,,,487.997,2361.725,784.601,,906.381,,784.601,1449.221
2003M05,918.6,,,1810.024,816.713,,,254.051,302.854,976.241,,340.239,,,,,,,1279.64,,,90.064,,,,402.783,2456.745,830.188,,983.884,,830.188,1518.857
2003M06,911.116,,,1802.289,855.324,,,278.32,312.398,985.842,,329.318,,,,,,,1289.414,,,89.257,,,,375.105,2473.107,835.794,,983.662,,835.794,1630.444
2003M07,932.107,,,1765.827,905.974,,,312.288,315.159,1003.094,,328.474,,,,,,,1339.319,,,86.366,,,,380.053,2631.293,839.739,,1045.746,,839.739,1696.57
2003M08,916.613,,,1921.599,890.829,,,313.454,309.928,1010.438,,317.834,,,,,,,1359.91,,,88.5,,,,325.314,2676.224,828.204,,1063.838,,828.204,1875.095
2003M09,972.551,,,1993.965,884.312,,,305.604,308.735,1014.757,,330.016,,,,,,,1341.749,,,96.477,,,,338.624,2766.051,855.78,,1054.011,,855.78,1979.757
2003M10,1019.085,,,2120.779,989.597,,,319.736,328.488,1084.125,,346.156,,,,,,,1421.475,,,98.911,,,,325.103,3002.694,912.825,,1187.681,,912.825,2070.23
2003M11,1054.974,,,2110.855,1042.222,,,339.43,344.301,1140.099,,373.787,,,,,,,1471.373,,,107.631,,,,397.048,3106.944,936.411,,1240.309,,936.411,2006.1
2003M12,1150.626,,,2252.293,1160.927,,,382.84,388.118,1243.048,,391.238,,,,,,,1606.511,,,115.824,,,,449.549,3360.918,1006.081,,1332.318,,1006.081,2144.375
2004M01,1202.27,,,2354.956,1171.389,,,403.838,390.376,1252.325,,399.223,,,,,,,1599.743,,,118.456,,,,386.266,3487.923,1002.61,,1342.649,,1002.61,2183.119
2004M02,1253.624,,,2491.798,1161.667,,,406.375,405.296,1284.188,,403.6,,,,,,,1624.938,,,129.035,,,,347.606,3669.928,1045.235,,1480.605,,1045.235,2176.269
2004M03,1185.802,,,2363.912,1106.623,,,393.013,388.142,1238.465,,389.781,,,,,,,1541.441,,,126.51,,,,334.639,3593.195,1012.414,,1464.048,,1012.414,2458.03
2004M04,1188.897,,,2323.584,1102.587,,,413.037,383.251,1222.996,,394.96,,,,,,,1517.076,,,122.759,,,,336.422,3540.588,1003.324,,1405.13,,1003.324,2324.278
2004M05,1196.387,,,2333.756,1102.618,,,407.37,382.93,1243.89,,391.592,,,,,,,1540.319,,,119.743,,,,401.495,3586.901,1022.16,,1466.399,,1022.16,2241.632
2004M06,1224.19,,,2469.548,1132.473,,,397.792,387.415,1261.143,,401.425,,,,,,,1568.9,,,122.931,,,,421.015,3697.814,1019.738,,1520.793,,1019.738,2361.632
2004M07,1208.451,,,2422.806,1076.834,,,385.763,376.115,1221.999,,391.627,,,,,,,1490.062,,,117.234,,,,397.83,3534.636,1008.788,,1490.539,,1008.788,2221.582
2004M08,1265.07,,,2465.443,1056.634,,,391.147,376.137,1219.932,,387.793,,,,,,,1476.612,,,118.201,,,,386.679,3592.984,1007.365,,1525.068,,1007.365,2237.368
2004M09,1360.207,,,2618.936,1112.419,,,407.596,390.974,1261.285,,409.873,,,,,,,1508.254,,,125.521,,,,410.993,3873.624,1038.041,,1701.198,,1038.041,2178.698
2004M10,1440.33,,,2595.491,1157.61,,,450.287,423.694,1313.757,,433.617,,,,,,,1571.415,,,129.341,,,,394.381,3927.946,1062.546,,1742.63,,1062.546,2233.581
2004M11,1533.476,,,2793.742,1259.721,,,499.78,456.244,1389.233,,466.464,,,,,,,1675.569,,,136.196,,,,436.365,4421.769,1126.972,,1978.962,,1126.972,2340.957
2004M12,1606.01,,,2899.848,1327.547,,,540.712,486.814,1445.594,,503.024,,,,,,,1753.168,,,141.135,,,,460.503,4503.238,1162.443,,1993.43,,1162.443,2460.103
2005M01,1573.369,,,2821.405,1272.986,,,540.648,472.569,1421.443,,491.391,,,,,,,1745.508,,,142.359,,,,450.939,4287.525,1153.553,,1932.282,,1153.553,2402.924
2005M02,1658.607,,,3039.565,1324.646,,,601.189,488.75,1491.739,,506.949,,,,,,,1857.787,,,141.965,,,,509.251,4561.205,1204.63,,2157.966,,1204.63,2451.907
2005M03,1639.228,,,3031.844,1294.553,,,533.748,472.048,1471.904,,505.573,,,,,,,1787.145,,,137.099,,,,541.543,4405.159,1164.341,,2083.474,,1164.341,2387.753
2005M04,1583.196,,,2926.26,1220.113,,,526.681,456.11,1404.986,,480.532,,,,,,,1680.307,,,132.254,,,,510.454,4214.627,1149.961,,1970.746,,1149.961,2326.206
2005M05,1526.063,,,3007.579,1236.77,,,524.752,455.692,1417.854,,469.878,,,,,,,1682.093,,,124.873,,,,396.988,4327.162,1135.402,,2005.948,,1135.402,2304.621
2005M06,1528.806,,,3058.727,1247.631,,,532.279,463.344,1427.595,,468.8,,,,,,,1760.226,,,121.615,,,,392.76,4283.989,1149.945,,2172.638,,1149.945,2301.566
2005M07,1594.625,,,3153.779,1334.58,,,568.412,481.885,1508.738,,488.618,,,,,,,1796.197,,,123.102,,,,409.07,4524.582,1164.204,,2313.191,,1164.204,2324.422
2005M08,1607.406,,,3310.565,1338.791,,,568.778,481.095,1512.911,,491.31,,,,,,,1774.659,,,127.501,,,,358.272,4553.826,1191.124,,2474.834,,1191.124,2485.889
2005M09,1628.627,,,3334.438,1368.995,,,578.954,510.668,1551.063,,500.673,,,,,,,1796.8,,,128.599,,,,361.582,4750.921,1210.397,,2508.165,,1210.397,2731.046
2005M10,1587.844,,,3260.809,1326.709,,,561.883,491.526,1484.402,,465.346,,,,,,,1758.067,,,123.917,,,,401.825,4484.281,1172.73,,2316.835,,1172.73,2697.892
2005M11,1625.06,,,3332.794,1373.364,,,575.767,486.32,1506.468,,474.934,,,,,,,1846.947,,,126.071,,,,437.701,4554.74,1172.643,,2311.808,,1172.643,2812.805
2005M12,1696.405,,,3551.211,1429.845,,,609.232,494.353,1558.062,,496.627,,,,,,,1939.373,,,134.782,,,,475.705,4867.912,1205.642,,2392.16,,1205.642,3052.978
2006M01,1815.96,,,3637.43,1547.81,,,675.289,524.464,1684.294,,522.507,,,,,,,2035.24,,,140.306,,,,468.549,5141.551,1276.991,,2644.2,,1276.991,3206.829
2006M02,1838.729,,,3650.608,1555.607,,,712.243,543.41,1665.81,,527.21,,,,,,,2076.102,,,149.825,,,,453.495,5120.571,1264.279,,2661.867,,1264.279,3178.952
2006M03,1874.027,,,3844.805,1624.105,,,699.757,554.064,1763.98,,539.968,,,,,,,2161.511,,,163.425,,,,487.249,5552.933,1290.864,,2950.063,,1290.864,3243.41
2006M04,1970.737,,,4075.052,1697.227,,,724.481,578.104,1823.894,,558.239,,,,,,,2225.157,,,167.119,,,,468.467,5712.795,1365.085,,3196.749,,1365.085,3336.864
2006M05,1886.8,,,3895.114,1605.48,,,669.41,560.73,1765.005,,550.319,,,,,,,2119.427,,,158.478,,,,464.399,5321.135,1333.448,,2984.356,,1333.448,3128.649
2006M06,1853.641,,,3853.343,1586.719,,,666.366,567.842,1775.867,,546.987,,,,,,,2116.813,,,160.139,,,,484.037,5338.462,1343.103,,2869.444,,1343.103,3092.832
2006M07,1904.526,,,3838.421,1580.942,,,673.479,579.843,1785.922,,549.483,,,,,,,2168.733,,,162.346,,,,489.064,5251.719,1372.846,,2954.517,,1372.846,3075.62
2006M08,1987.067,,,4086.71,1638.361,,,695.753,598.201,1844.734,,572.203,,,,,,,2256.13,,,167.247,,,,488.622,5451.781,1396.463,,2895.076,,1396.463,3121.392
2006M09,2053.979,,,4185.857,1663.04,,,700.126,630.134,1860.638,,571.37,,,,,,,2326.506,,,171.616,,,,490.499,5705.606,1387.561,,2689.933,,1387.561,3057.401
2006M10,2113.087,,,4369.575,1746.344,,,745.345,675.763,1910.637,,592.258,,,,,,,2335.572,,,175.968,,,,518.332,6068.64,1455.772,,2920.418,,1455.772,3110.494
2006M11,2154.985,,,4654.854,1826.607,,,788.284,704.395,1982.062,,623.31,,,,,,,2394.445,,,184.729,,,,496.956,6313.702,1484.853,,3189.47,,1484.853,3131.902
2006M12,2260.711,,,4859.398,1902.102,,,801.734,715.989,2051.593,,635.999,,,,,,,2486.769,,,193.32,,,,504.16,6839.025,1521.541,,3386.262,,1521.541,3208.285
2007M01,2265.439,,,4992.18,1925.289,,,851.314,727.084,2045.205,,635.608,,,,,,,2493.375,,,196.183,,,,534.295,6924.634,1518.688,,3527.198,,1518.688,3235.268
2007M02,2252.456,,,5001.168,1942.786,,,819.908,722.125,2045.787,,628.749,,,,,,,2496.576,,,201.342,,,,560.268,6712.602,1512.037,,3446.755,,1512.037,3364.836
2007M03,2349.032,,,5205.137,2027.862,,,846.843,743.688,2108.763,,641.659,,,,,,,2670.847,,,202.156,,,,579.711,7095.331,1550.598,,3620.75,,1550.598,3303.138
2007M04,2445.729,,,5562.635,2203.62,,,878.77,751.458,2277.723,,686.832,,,,,,,2884.378,,,217.098,,,,627.12,7781.413,1615.566,,3813.306,,1615.566,3237.74
2007M05,2421.053,,,5678.294,2271.477,,,915.173,789.894,2296.97,,667.731,,,,,,,2861.408,,,230.27,,,,664.844,7660.591,1637.136,,3857.073,,1637.136,3289.888
2007M06,2407.04,,,5534.937,2313.728,,,881.894,770.409,2275.981,,651.318,,,,,,,2854.197,,,232.543,,,,625.581,7551.708,1653.848,,4073.861,,1653.848,3280.023
2007M07,2310.159,,,5743.392,2229.013,,,902.745,780.143,2193.958,,632.644,,,,,,,2843.39,,,233.698,,,,608.217,7575.884,1611.747,,4043.748,,1611.747,3273.24
2007M08,2225.318,,,5715.554,2232.706,,,904.081,762.933,2152.99,,629.871,,,,,,,2758.15,,,220.768,,,,602.21,7230.16,1587.375,,3857.867,,1587.375,3176.579
2007M09,2279.6,,,6030.202,2398.663,,,979.292,803.159,2263.935,,653.455,,,,,,,2980.166,,,218.208,,,,631.045,7731.936,1642.141,,4383.076,,1642.141,3233.928
2007M10,2381.829,,,6275.17,2510.302,,,1040.194,894.649,2350.367,,675.273,,,,,,,3036.033,,,242.085,,,,615.54,7544.098,1737.313,,4555.782,,1737.313,3220.776
2007M11,2182.106,,,6030.326,2479.117,,,1008.403,893.306,2308.096,,662.639,,,,,,,2918.106,,,242.497,,,,638.997,6934.353,1638.644,,4286.215,,1638.644,3161.211
2007M12,2141.624,,,6036.589,2520.744,,,1036.082,863.953,2275.125,,652.964,,,,,,,2922.619,,,233.996,,,,660.21,6746.02,1593.358,,4348.865,,1593.358,3034.399
2008M01,1927.42,,,5344.097,2167.342,,,890.538,757.283,2000.23,,589.516,,,,,,,2576.738,,,208.323,,,,679.332,5956.002,1450.399,,3432.765,,1450.399,2895.583
2008M02,1973.635,,,5819.584,2195.871,,,851.048,770.392,2033.343,,588.296,,,,,,,2637.266,,,203.662,,,,705.198,6371.596,1450.693,,3920.367,,1450.693,2914.739
2008M03,2074.411,,,5991.154,2219.304,,,872.12,810.51,2084.27,,576.444,,,,,,,2720.444,,,203.212,,,,710.934,6509.943,1406.757,,3891.625,,1406.757,2772.671
2008M04,2164.305,,,5936.76,2294.743,,,906.322,833.152,2168.101,,608.679,,,,,,,2790.8,,,207.55,,,,740.739,6586.894,1493.25,,4381.383,,1493.25,2973.633
2008M05,2007.282,,,6305.408,2300.74,,,902.79,817.719,2179.369,,593.549,,,,,,,2791.71,,,200.425,,,,802.659,6693.916,1478.435,,4614.01,,1478.435,3048.02
2008M06,1625.886,,,5915.894,2116.05,,,743.843,732.976,1958.827,,527.708,,,,,,,2433.084,,,169.18,,,,845.251,5662.908,1381.452,,4313.31,,1381.452,2838.517
2008M07,1489.318,,,5755.147,2093.872,,,745.485,721.2,1919.301,,503.785,,,,,,,2334.14,,,163.301,,,,846.065,5614.592,1323.149,,3874.463,,1323.149,2741.693
2008M08,1485.267,,,5495.897,1965.967,,,683.784,668.528,1852.271,,481.983,,,,,,,2340.127,,,151.573,,,,852.25,5367.592,1271.851,,3674.417,,1271.851,2632.15
2008M09,1107.664,,,4356.306,1680.991,,,582.338,601.591,1585.462,,408.61,,,,,,,1898.905,,,137.777,,,,902.189,4372.391,1080.734,,2551.497,,1080.734,2318.864
2008M10,702.753,,,3237.941,1294.887,,,368.435,448.086,1229.799,,312.078,,,,,,,1420.976,,,101.611,,,,1007.063,3206.906,874.024,,1700.313,,874.024,1975.954
2008M11,629.839,,,3017.159,1178.983,,,332.199,435.902,1155.596,,292.876,,,,,,,1335.208,,,99.2,,,,1040.542,3090.205,811.974,,1443.202,,811.974,1951.662
2008M12,696.543,,,3129.823,1329.96,,,341.179,492.742,1253.195,,312.777,,,,,,,1458.644,,,108.462,,,,1019.11,3276.012,787.715,,1512.628,,787.715,2108.161
2009M01,685.937,,,3060.104,1103.009,,,315.365,415.482,1074.027,,269.236,,,,,,,1337.454,,,102.165,,,,985.105,2907.175,738.194,,1550.03,,738.194,1964.832
2009M02,622.974,,,2746.387,964.201,,,255.517,369.873,971.516,,232.218,,,,,,,1170.659,,,93.991,,,,909.646,2805.792,672.55,,1428.849,,672.55,1720.813
2009M03,665.345,,,2755.875,1066.414,,,298.321,397.297,1052.112,,248.416,,,,,,,1210.899,,,99.814,,,,938.084,3070.133,694.322,,1561.338,,694.322,1741.889
2009M04,738.902,,,3259.783,1230.525,,,371.878,461.986,1183.633,,294.324,,,,,,,1346.085,,,107.582,,,,873.574,3750.441,778.828,,1751,,778.828,1909.621
2009M05,840.932,,,3683.336,1326.945,,,442.104,513.131,1305.786,,328.434,,,,,,,1505.841,,,122.708,,,,852.812,4045.496,881.954,,2074.811,,881.954,2105.28
2009M06,823.494,,,3689.816,1281.351,,,408.35,533.708,1246.22,,312.59,,,,,,,1486.581,,,121.707,,,,845.986,4039.049,867.079,,1901.677,,867.079,2141.537
2009M07,894.726,,,3954.164,1432.203,,,447.834,604.771,1375.888,,338.662,,,,,,,1699.695,,,125.777,,,,738.928,4763.19,946.262,,2105.48,,946.262,2232.436
2009M08,986.601,,,4267.742,1491.925,,,485.653,639.99,1482.714,,370.277,,,,,,,1794.578,,,134.956,,,,748.781,5020.344,992.503,,2161.869,,992.503,2319.76
2009M09,1058.49,,,4355.521,1579.011,,,541.795,672.669,1573.445,,395.251,,,,,,,1943.077,,,146.239,,,,707.258,5064.461,1018.502,,2406.074,,1018.502,2265.588
2009M10,1038.236,,,4231.986,1516.165,,,551.654,664.643,1510.563,,375.65,,,,,,,1904.114,,,146.277,,,,537.407,5297.781,1030.692,,2490.49,,1030.692,2208.836
2009M11,1077.154,,,4368.715,1594.08,,,462.289,689.704,1564.635,,379.463,,,,,,,1938.552,,,148.351,,,,442.321,5296.488,1054.892,,2630.468,,1054.892,2186.45
2009M12,1074.46,,,4232.743,1613.37,,,418.289,672.394,1599.628,,383.54,,,,,,,2010.917,,,146.838,,,,404.599,5247.042,1081.86,,2760.629,,1081.86,2201.678
2010M01,1045.824,,,4365.098,1470.325,,,374.699,592.95,1481.398,,351.085,,,,,,,1939.64,,,131.817,,,,429.2,5116.501,1029.179,,2557.199,,1029.179,2243.41
2010M02,1031.895,,,4309.104,1437.604,,,338.09,548.283,1446.982,,331.466,,,,,,,1848.262,,,123.907,,,,360.537,5263.417,1008.733,,2427.267,,1008.733,2267.757
2010M03,1062.66,,,4620.319,1567.653,,,363.229,567.443,1536.924,,355.603,,,,,,,1980.007,,,131.773,,,,293.926,5626.784,1064.606,,2578.768,,1064.606,2362.763
2010M04,1014.924,,,4878.966,1526.305,,,321.583,539.257,1457.637,,330.805,,,,,,,1950.081,,,119.36,,,,330.597,5819.37,1050.188,,2605.104,,1050.188,2358.111
2010M05,928.629,,,4323.646,1343.171,,,238.557,443.33,1244.419,,276.347,,,,,,,1710.46,,,105.548,,,,409.16,4997.971,931.194,,2126.415,,931.194,2167.315
2010M06,913.272,,,4362.929,1339.227,,,213.099,441.155,1221.23,,272.47,,,,,,,1698.744,,,104.921,,,,443.66,5141.364,908.158,,2057.117,,908.158,2122.984
2010M07,1008.345,,,4812.049,1466.317,,,276.359,535.656,1371.462,,315.596,,,,,,,1881.596,,,116.377,,,,422.873,5742.251,1017.006,,2423.578,,1017.006,2197.794
2010M08,969.805,,,4582.482,1379.389,,,250.56,504.613,1286.249,,292.093,,,,,,,1737.073,,,114.243,,,,422.188,5409.423,991.8,,2300.374,,991.8,2146.94
2010M09,1090.967,,,5133.908,1562.192,,,251.387,557.919,1472.553,,324.908,,,,,,,1965.266,,,126.399,,,,457.761,6411.59,1078.906,,2656.355,,1078.906,2228.123
2010M10,1136.615,,,5308.732,1684.169,,,271.336,581.569,1547.451,,345.565,,,,,,,1998.233,,,138.035,,,,476.897,6442.435,1119.768,,2756.955,,1119.768,2273.638
2010M11,996.272,,,4971.398,1598.611,,,229.306,458.941,1372.642,,290.409,,,,,,,1802.346,,,118.317,,,,438.903,6264.084,1061.235,,2523.55,,1061.235,2321.04
2010M12,1050.52,,,5494.405,1710.504,,,224.356,501.721,1491.831,,315.943,,,,,,,1998.355,,,125.362,,,,457.239,6887.99,1137.762,,2964.969,,1137.762,2495.834
2011M01,1069.771,,,5604.611,1779.35,,,264.171,566.378,1595.407,,351.101,,,,,,,2085.597,,,132.525,,,,460.232,7132.041,1159.315,,2910.284,,1159.315,2498.831
2011M02,1098.477,,,5883.969,1841.239,,,260.763,571.006,1650.573,,360.939,,,,,,,2162.732,,,135.926,,,,470.677,7110.837,1204.583,,3132.877,,1204.583,2611.905
2011M03,1107.888,,,5977.7,1833.532,,,258.355,566.238,1649.033,,359.439,,,,,,,2204.353,,,136.276,,,,459.301,7220.275,1169.482,,3159.741,,1169.482,2348.938
2011M04,1228.167,,,6148.211,2027.451,,,246.771,610.052,1773.221,,388.057,,,,,,,2248.664,,,141.512,,,,509.434,7774.368,1249.184,,3343.443,,1249.184,2357.327
2011M05,1165.402,,,5856.82,1870.759,,,216.03,567.354,1682.039,,354.739,,,,,,,2132.569,,,135.98,,,,461.632,7493.486,1217.115,,3142.779,,1217.115,2318.309
2011M06,1114.48,,,5574.543,1906.953,,,212.095,565.215,1685.502,,342.267,,,,,,,2071.283,,,132.848,,,,395.339,7097.683,1178.04,,3022.754,,1178.04,2351.165
2011M07,1067.601,,,5379.394,1832.449,,,195.893,519.72,1548.114,,310.57,,,,,,,1977.543,,,125.981,,,,368.011,6757.254,1177.955,,3002.22,,1177.955,2433.555
2011M08,1001.21,,,4649.932,1491.995,,,141.281,473.041,1381.544,,264.913,,,,,,,1780.915,,,118.008,,,,412.953,6003.858,1084.637,,2787.567,,1084.637,2235.124
2011M09,899.933,,,4222.281,1315.648,,,112.67,433.479,1177.279,,234.131,,,,,,,1609.309,,,103.621,,,,396.331,5206.531,987.335,,2364.637,,987.335,2179.26
2011M10,948.318,,,4537.543,1527.522,,,107.983,469.523,1328.725,,265.664,,,,,,,1818.45,,,107.514,,,,465.709,6032.664,1105.207,,2779.244,,1105.207,2173.71
2011M11,924.223,,,4672.912,1463.375,,,85.252,425.498,1246.536,,245.724,,,,,,,1710.7,,,98.13,,,,484.42,5721.958,1067.845,,2647.364,,1067.845,2076.278
2011M12,918.663,,,4569.918,1367.531,,,81.679,416.916,1203.774,,234.566,,,,,,,1711.268,,,93.11,,,,439.827,5661.66,1068.187,,2584.21,,1068.187,2091.151
2012M01,953.885,,,4771.304,1507.272,,,101.839,417.553,1270.066,,249.492,,,,,,,1765.452,,,89.833,,,,492.714,5989.984,1104.952,,2673.693,,1104.952,2185.618
2012M02,1041.521,,,5456.713,1633.885,,,93.687,424.812,1359.899,,262.019,,,,,,,1839.99,,,95.151,,,,514.825,6632.616,1155.897,,3087.605,,1155.897,2295.002
2012M03,1092.211,,,5336.117,1648.147,,,92.734,399.052,1348.95,,255.436,,,,,,,1857.188,,,94.634,,,,482.174,6430.111,1137.127,,2965.653,,1137.127,2303.533
2012M04,1051.886,,,5491.858,1579.444,,,86.762,345.802,1264.242,,233.632,,,,,,,1756.735,,,90.294,,,,498.623,6256.65,1148.597,,2873.39,,1148.597,2229.852
2012M05,960.261,,,4837.641,1344.502,,,60.509,281.145,1105.803,,192.486,,,,,,,1560.126,,,70.886,,,,525.051,5304.972,1011.266,,2386.717,,1011.266,2030.096
2012M06,1073.068,,,5159.013,1407.298,,,64.145,339.152,1200.338,,218.626,,,,,,,1689.011,,,74.395,,,,469.303,5787.782,1079.459,,2582.292,,1079.459,2132.249
2012M07,1081.554,,,5437.205,1442.678,,,62.872,310.96,1199.852,,206.722,,,,,,,1747.286,,,72.233,,,,447.426,6157.192,1091.235,,2678.234,,1091.235,2081.251
2012M08,1143.907,,,5611.234,1517.714,,,68.663,351.968,1269.77,,229.339,,,,,,,1813.634,,,79.289,,,,402.344,6162.84,1119.919,,2862.025,,1119.919,2065.342
2012M09,1177.575,,,5734.55,1603.301,,,63.251,371.966,1281.501,,233.587,,,,,,,1835.504,,,83.952,,,,386.729,6402.196,1144.133,,2925.478,,1144.133,2093.049
2012M10,1170.452,,,5686.122,1629.639,,,73.827,380.281,1316.012,,241.236,,,,,,,1895.214,,,86.791,,,,330.624,6250.729,1149.281,,2892.424,,1149.281,2054.037
2012M11,1227.077,,,5781.966,1672.165,,,79.019,386.845,1369.788,,245.9,,,,,,,1951.231,,,84.649,,,,377.706,6449.558,1160.489,,2910.725,,1160.489,2102.69
2012M12,1250.121,,,5921.958,1739.444,,,81,403.252,1416.967,,254.744,,,,,,,2004.84,,,92.459,,,,353.354,6721.423,1183.478,,2938.733,,1183.478,2211.545
2013M01,1287.828,,,6591.796,1828.255,,,92.286,426.198,1495.62,,277.463,,,,,,,2165.74,,,102.198,,,,324.107,7265.132,1228.216,,3133.633,,1228.216,2292.669
2013M02,1327.926,,,6390.302,1756.604,,,95.383,401.198,1445.008,,242.527,,,,,,,2019.682,,,93.601,,,,347.584,7356.158,1192.388,,3006.355,,1192.388,2353.056
2013M03,1360.219,,,6098.508,1737.967,,,92.358,377.269,1422.891,,229.847,,,,,,,2049.796,,,92.157,,,,375.965,7298.248,1200.425,,2952.052,,1200.425,2448.864
2013M04,1356.73,,,6323.608,1788.734,,,92.441,412.98,1502.729,,256.406,,,,,,,2106.224,,,102.193,,,,375.197,7314.609,1233.583,,3042.461,,1233.583,2662.859
2013M05,1332.807,,,6071.277,1823.548,,,85.187,400.663,1511.722,,256.199,,,,,,,2154.813,,,93.578,,,,337.285,7224.568,1229.373,,2951.016,,1229.373,2510.696
2013M06,1275.474,,,5841.585,1746.725,,,80.51,371.472,1434.402,,226.535,,,,,,,2077.33,,,88.808,,,,277.066,6737.029,1161.239,,2700.249,,1161.239,2552.34
2013M07,1377.622,,,6328.553,1860.29,,,89.815,416.927,1564.158,,249.906,,,,,,,2282.183,,,92.859,,,,285.831,7480.803,1236.84,,2921.911,,1236.84,2567.638
2013M08,1356.977,,,6353.25,1811.883,,,94.171,406.48,1529.23,,252.069,,,,,,,2247.773,,,93.842,,,,287.943,7260.197,1222.611,,2870.82,,1222.611,2511.694
2013M09,1447.608,,,6634.324,1968.916,,,107.586,464.688,1653.596,,269.518,,,,,,,2375.86,,,98.109,,,,304.5,7758.907,1289.184,,2932.961,,1289.184,2704.776
2013M10,1517.839,,,6744.413,2081.247,,,125.164,507.539,1720.604,,301.482,,,,,,,2488.461,,,98.682,,,,316.183,7771.666,1331.872,,3139.128,,1331.872,2704.235
2013M11,1502.307,,,7061.763,2169.757,,,121.25,503.742,1722.049,,295.78,,,,,,,2519.848,,,101.959,,,,323.889,7857.121,1340.299,,3057.573,,1340.299,2743.112
2013M12,1557.409,,,7310.223,2230.19,,,118.46,514.878,1747.482,,297.722,,,,,,,2576.345,,,99.362,,,,341.35,8160.99,1375.35,,3095.464,,1375.35,2762.872
2014M01,,,,,,,,,,,,,,,,,,,,,,,,,,356.377,,,,,,,
2014M02,,,,,,,,,,,,,,,,,,,,,,,,,,380.866,,,,,,,
2014M03,,,,,,,,,,,,,,,,,,,,,,,,,,373.057,,,,,,,
2014M04,,,,,,,,,,,,,,,,,,,,,,,,,,362.856,,,,,,,
2014M05,,,,,,,,,,,,,,,,,,,,,,,,,,374.505,,,,,,,
2014M06,,,,,,,,,,,,,,,,,,,,,,,,,,372.964,,,,,,,
,,,,,,,,,,,,,,,,,,,,,,,,,,357.082,,,,,,,
,,,,,,,,,,,,,,,,,,,,,,,,,,379.188,,,,,,,
,,,,,,,,,,,,,,,,,,,,,,,,,,386.234,,,,,,,
,,,,,,,,,,,,,,,,,,,,,,,,,,452.025,,,,,,,
,,,,,,,,,,,,,,,,,,,,,,,,,,481.63,,,,,,,
,,,,,,,,,,,,,,,,,,,,,,,,,,498.73,,,,,,,
,,,,,,,,,,,,,,,,,,,,,,,,,,504.61,,,,,,,
